{"VCB.VN": {"current_price": 61900.0, "predicted_price": 62476.9933984375, "predicted_return": 0.009321379619345751, "direction": 1, "confidence": 0.83, "probabilities": [0.05, 0.83, 0.12]}, "VIC.VN": {"current_price": 119000.0, "predicted_price": 89418.0, "predicted_return": -0.24858823529411764, "direction": 1, "confidence": 0.46, "probabilities": [0.3, 0.46, 0.24]}, "VHM.VN": {"current_price": 96000.0, "predicted_price": 46500.5, "predicted_return": -0.5156197916666667, "direction": 1, "confidence": 0.59, "probabilities": [0.17, 0.59, 0.24]}, "HPG.VN": {"current_price": 25900.0, "predicted_price": 24517.7500390625, "predicted_return": -0.05336872436052127, "direction": 1, "confidence": 0.76, "probabilities": [0.12, 0.76, 0.12]}, "FPT.VN": {"current_price": 126000.0, "predicted_price": 134369.4809375, "predicted_return": 0.06642445188492055, "direction": 1, "confidence": 0.9, "probabilities": [0.04, 0.9, 0.06]}, "BID.VN": {"current_price": 38350.0, "predicted_price": 39402.2562109375, "predicted_return": 0.027438232358213806, "direction": 1, "confidence": 0.87, "probabilities": [0.03, 0.87, 0.1]}, "GAS.VN": {"current_price": 68100.0, "predicted_price": 70163.163984375, "predicted_return": 0.030296093750000027, "direction": 1, "confidence": 0.97, "probabilities": [0.0, 0.97, 0.03]}, "VNM.VN": {"current_price": 60200.0, "predicted_price": 59461.55453125, "predicted_return": -0.01226653602574745, "direction": 1, "confidence": 0.8, "probabilities": [0.01, 0.8, 0.19]}, "TCB.VN": {"current_price": 36250.0, "predicted_price": 24879.5, "predicted_return": -0.3136689655172414, "direction": 1, "confidence": 0.8, "probabilities": [0.09, 0.8, 0.11]}, "CTG.VN": {"current_price": 45050.0, "predicted_price": 40394.0, "predicted_return": -0.10335183129855716, "direction": 1, "confidence": 0.82, "probabilities": [0.08, 0.82, 0.1]}, "VPB.VN": {"current_price": 21350.0, "predicted_price": 20092.37294921875, "predicted_return": -0.05890524828015229, "direction": 1, "confidence": 0.7, "probabilities": [0.1, 0.7, 0.2]}, "MBB.VN": {"current_price": 27200.0, "predicted_price": 25493.8912890625, "predicted_return": -0.06272458496093751, "direction": 1, "confidence": 0.83, "probabilities": [0.01, 0.83, 0.16]}, "ACB.VN": {"current_price": 22650.0, "predicted_price": 21215.3684765625, "predicted_return": -0.06333914010761588, "direction": 1, "confidence": 0.95, "probabilities": [0.02, 0.95, 0.03]}, "MSN.VN": {"current_price": 79100.0, "predicted_price": 68954.0, "predicted_return": -0.12826801517067005, "direction": 1, "confidence": 0.67, "probabilities": [0.07, 0.67, 0.26]}, "MWG.VN": {"current_price": 70700.0, "predicted_price": 63781.0, "predicted_return": -0.09786421499292787, "direction": 1, "confidence": 0.81, "probabilities": [0.1, 0.81, 0.09]}, "GVR.VN": {"current_price": 30400.0, "predicted_price": 32886.45875, "predicted_return": 0.08179140624999993, "direction": 1, "confidence": 0.51, "probabilities": [0.3, 0.51, 0.19]}, "STB.VN": {"current_price": 50200.0, "predicted_price": 37071.0, "predicted_return": -0.2615338645418327, "direction": 1, "confidence": 0.81, "probabilities": [0.03, 0.81, 0.16]}, "HDB.VN": {"current_price": 24400.0, "predicted_price": 23489.583359375, "predicted_return": -0.037312157402663956, "direction": 1, "confidence": 0.54, "probabilities": [0.17, 0.54, 0.29]}, "SSI.VN": {"current_price": 31800.0, "predicted_price": 30630.12501953125, "predicted_return": -0.036788521398388375, "direction": 1, "confidence": 0.62, "probabilities": [0.12, 0.62, 0.26]}, "VRE.VN": {"current_price": 29450.0, "predicted_price": 20589.0, "predicted_return": -0.3008828522920204, "direction": 1, "confidence": 0.45, "probabilities": [0.31, 0.45, 0.24]}, "SAB.VN": {"current_price": 48200.0, "predicted_price": 50083.8530078125, "predicted_return": 0.039084087299014456, "direction": 1, "confidence": 0.95, "probabilities": [0.03, 0.95, 0.02]}, "PLX.VN": {"current_price": 37300.0, "predicted_price": 41137.10498046875, "predicted_return": 0.10287144719755362, "direction": 1, "confidence": 0.94, "probabilities": [0.01, 0.94, 0.05]}, "VJC.VN": {"current_price": 93300.0, "predicted_price": 91691.0, "predicted_return": -0.017245444801714898, "direction": 1, "confidence": 0.58, "probabilities": [0.22, 0.58, 0.2]}, "TPB.VN": {"current_price": 15100.0, "predicted_price": 15529.106142578124, "predicted_return": 0.028417625336299636, "direction": 1, "confidence": 0.96, "probabilities": [0.02, 0.96, 0.02]}, "POW.VN": {"current_price": 14000.0, "predicted_price": 12774.5, "predicted_return": -0.08753571428571429, "direction": 1, "confidence": 0.47, "probabilities": [0.26, 0.47, 0.27]}, "DGC.VN": {"current_price": 102600.0, "predicted_price": 111761.05265625, "predicted_return": 0.08928901224415206, "direction": 1, "confidence": 0.91, "probabilities": [0.05, 0.91, 0.04]}, "PNJ.VN": {"current_price": 86200.0, "predicted_price": 91104.658046875, "predicted_return": 0.05689858523056849, "direction": 1, "confidence": 0.89, "probabilities": [0.07, 0.89, 0.04]}, "BVH.VN": {"current_price": 52500.0, "predicted_price": 51594.5076953125, "predicted_return": -0.017247472470238046, "direction": 1, "confidence": 0.77, "probabilities": [0.12, 0.77, 0.11]}, "REE.VN": {"current_price": 68500.0, "predicted_price": 57533.0300390625, "predicted_return": -0.16010175125456208, "direction": 1, "confidence": 0.96, "probabilities": [0.02, 0.96, 0.02]}, "KDH.VN": {"current_price": 29000.0, "predicted_price": 29261.1158984375, "predicted_return": 0.009003996497844818, "direction": 1, "confidence": 0.87, "probabilities": [0.08, 0.87, 0.05]}, "EIB.VN": {"current_price": 25150.0, "predicted_price": 21784.0, "predicted_return": -0.13383697813121273, "direction": 1, "confidence": 0.46, "probabilities": [0.12, 0.46, 0.42]}, "OCB.VN": {"current_price": 12200.0, "predicted_price": 11322.15443359375, "predicted_return": -0.07195455462346306, "direction": 1, "confidence": 0.47, "probabilities": [0.33, 0.47, 0.2]}, "MSB.VN": {"current_price": 13250.0, "predicted_price": 12355.0, "predicted_return": -0.06754716981132075, "direction": 1, "confidence": 0.61, "probabilities": [0.21, 0.61, 0.18]}, "LPB.VN": {"current_price": 34600.0, "predicted_price": 30837.97806640625, "predicted_return": -0.1087289576183165, "direction": 1, "confidence": 0.76, "probabilities": [0.08, 0.76, 0.16]}, "SHB.VN": {"current_price": 14200.0, "predicted_price": 13284.86505859375, "predicted_return": -0.06444612263424293, "direction": 1, "confidence": 0.79, "probabilities": [0.04, 0.79, 0.17]}, "VIB.VN": {"current_price": 17100.0, "predicted_price": 16915.45326171875, "predicted_return": -0.01079220691703213, "direction": 1, "confidence": 0.9, "probabilities": [0.05, 0.9, 0.05]}, "PDR.VN": {"current_price": 20550.0, "predicted_price": 19609.0, "predicted_return": -0.045790754257907545, "direction": 1, "confidence": 0.41, "probabilities": [0.35, 0.41, 0.24]}, "DXG.VN": {"current_price": 19450.0, "predicted_price": 14700.70083984375, "predicted_return": -0.24417990540649098, "direction": 1, "confidence": 0.54, "probabilities": [0.2, 0.54, 0.26]}, "HSG.VN": {"current_price": 17950.0, "predicted_price": 19546.28447265625, "predicted_return": 0.08892949708391369, "direction": 1, "confidence": 0.77, "probabilities": [0.12, 0.77, 0.11]}, "PC1.VN": {"current_price": 22800.0, "predicted_price": 23548.84779296875, "predicted_return": 0.03284420144599783, "direction": 1, "confidence": 0.74, "probabilities": [0.09, 0.74, 0.17]}}